{"num_threads": [1, 2, 3, 4, 5, 6, 7, 8, 9, 10, 11, 12, 13, 14, 15, 16], "times": [2.0613346666666668, 1.593644333333333, 1.4023026666666667, 1.2810059999999999, 1.3792723333333334, 1.3650393333333335, 1.2944396666666667, 1.2739396666666665, 1.261682, 1.2241829999999998, 1.228949, 1.2953006666666667, 1.451166, 1.4931763333333334, 1.5684046666666667, 1.6843123333333334]}